#,,
UAA,*,0.28
UAG,*,0.2
UGA,*,0.52
GCU,A,0.26
GCC,A,0.4
GCA,A,0.23
GCG,A,0.11
UGU,C,0.45
UGC,C,0.55
GAU,D,0.46
GAC,D,0.54
GAA,E,0.42
GAG,E,0.58
UUU,F,0.45
UUC,F,0.55
GGU,G,0.16
GGC,G,0.34
GGA,G,0.25
GGG,G,0.25
CAU,H,0.41
CAC,H,0.59
AUU,I,0.36
AUC,I,0.48
AUA,I,0.16
AAA,K,0.42
AAG,K,0.58
UUA,L,0.07
UUG,L,0.13
CUU,L,0.13
CUC,L,0.2
CUA,L,0.07
CUG,L,0.41
AUG,M,1
AAU,N,0.46
AAC,N,0.54
CCU,P,0.28
CCC,P,0.33
CCA,P,0.27
CCG,P,0.11
CAA,Q,0.25
CAG,Q,0.75
CGU,R,0.08
CGC,R,0.19
CGA,R,0.11
CGG,R,0.21
AGA,R,0.2
AGG,R,0.2
UCU,S,0.18
UCC,S,0.22
UCA,S,0.15
UCG,S,0.06
AGU,S,0.15
AGC,S,0.24
ACU,T,0.24
ACC,T,0.36
ACA,T,0.28
ACG,T,0.12
GUU,V,0.18
GUC,V,0.24
GUA,V,0.11
GUG,V,0.47
UGG,W,1
UAU,Y,0.43
UAC,Y,0.57
